mean_fit_time,std_fit_time,mean_score_time,std_score_time,param_max_iter,params,split0_test_score,split1_test_score,split2_test_score,mean_test_score,std_test_score,rank_test_score
0.24561564127604166,0.043906823399291216,0.018301645914713543,0.0036730122415795877,4,{'max_iter': 4},0.6603105127011454,0.6596433752379625,0.6596433752379625,0.6598657543923568,0.0003144916161334893,4
0.2313400904337565,0.11001673697351615,0.015308380126953125,0.006320157832084152,5,{'max_iter': 5},0.6603105127011454,0.659401835103264,0.6596433752379625,0.659785241014124,0.00038428996695836733,5
0.14573240280151367,0.06221124392182703,0.010305404663085938,0.00401722826230906,100,{'max_iter': 100},0.6603105127011454,0.658918350017999,0.6608092655367216,0.660012709418622,0.0008001689284343753,1
0.09373974800109863,0.014135053884434054,0.021682182947794598,0.017244101584687338,120,{'max_iter': 120},0.6603105127011454,0.658918350017999,0.6608092655367216,0.660012709418622,0.0008001689284343753,1
0.1239469846089681,0.055741020123068044,0.004986127217610677,0.0008140041009305289,1500,{'max_iter': 1500},0.6603105127011454,0.658918350017999,0.6608092655367216,0.660012709418622,0.0008001689284343753,1
