mean_fit_time,std_fit_time,mean_score_time,std_score_time,param_max_iter,params,split0_test_score,split1_test_score,split2_test_score,mean_test_score,std_test_score,rank_test_score
0.05485264460245768,0.01345557476353677,0.00997304916381836,0.001410739313356645,4,{'max_iter': 4},0.8253480098507063,0.8262208444050781,0.8269242576518357,0.8261643706358734,0.0006447383177680033,5
0.07945466041564941,0.014228411122145934,0.00897518793741862,0.0008154640698413811,5,{'max_iter': 5},0.8270182342909616,0.8251128189969456,0.8269242576518357,0.8263517703132477,0.0008769105523751403,4
0.17786049842834473,0.026640829494533336,0.008309364318847656,0.002048430892897895,100,{'max_iter': 100},0.8270182342909616,0.8273196209780499,0.8306540334718813,0.8283306295802976,0.0016474956178714052,1
0.18151466051737467,0.03358981000411868,0.007975498835245768,0.0008143009020496498,120,{'max_iter': 120},0.8267414624544828,0.826325180546152,0.8306540334718813,0.8279068921575053,0.0019499421713928132,2
0.7419653733571371,0.16202786625865362,0.004022518793741862,0.0007945763442109964,1500,{'max_iter': 1500},0.8267414624544828,0.826325180546152,0.8284664869549909,0.8271777099852086,0.0009270139212122333,3
